signingYear,name,status,candidates
2013,Carlos Herrera,CLUB_TRANSACTION_MATCH,[object Object]
2013,Carlos Hiciano,CLUB_TRANSACTION_MATCH,[object Object]
2013,Eloy Jimenez,CLUB_TRANSACTION_MATCH,[object Object]
2013,Emmanuel DeJesus,NOT_FOUND,
2013,Erick Julio,CLUB_TRANSACTION_MATCH,[object Object]
2013,Erling Moreno,CLUB_TRANSACTION_MATCH,[object Object]
2013,Franly Mallen,CLUB_TRANSACTION_MATCH,[object Object]
2013,Gleyber Torres,CLUB_TRANSACTION_MATCH,[object Object]
2013,Greifer Andrade,CLUB_TRANSACTION_MATCH,[object Object]
2013,Jose Almonte,CLUB_TRANSACTION_MATCH,[object Object]
2013,Jose Herrera,CLUB_TRANSACTION_MATCH,[object Object]
2013,Lewin Diaz,CLUB_TRANSACTION_MATCH,[object Object]
2013,Marcos Diplan,CLUB_TRANSACTION_MATCH,[object Object]
2013,Marten Gasparini,CLUB_TRANSACTION_MATCH,[object Object]
2013,Michael DeLeon,CLUB_TRANSACTION_MATCH,[object Object]
2013,Micker Zapata,NOT_FOUND,
2013,Nicolas Pierre,CLUB_TRANSACTION_MATCH,[object Object]
2013,Rafael Devers,CLUB_TRANSACTION_MATCH,[object Object]
2013,Yeltsin Gudino,CLUB_TRANSACTION_MATCH,[object Object]
2013,Yeyson Yrizarry,NOT_FOUND,
2014,Adrian Rondon,CLUB_TRANSACTION_MATCH,[object Object]
2014,Amado Nunez,CLUB_TRANSACTION_MATCH,[object Object]
2014,Anderson Espinoza,CLUB_TRANSACTION_MATCH,[object Object]
2014,Antonio Arias,CLUB_TRANSACTION_MATCH,[object Object]
2014,Arquimedes Gamboa,CLUB_TRANSACTION_MATCH,[object Object]
2014,Brayan Hernandez,CLUB_TRANSACTION_MATCH,[object Object]
2014,Christopher Acosta,CLUB_TRANSACTION_MATCH,[object Object]
2014,Dermis Garcia,CLUB_TRANSACTION_MATCH,[object Object]
2014,Diego Castillo,CLUB_TRANSACTION_MATCH,[object Object]
2014,Franklin Perez,CLUB_TRANSACTION_MATCH,[object Object]
2014,Gilbert Lara,CLUB_TRANSACTION_MATCH,[object Object]
2014,Huascar Ynoa,CLUB_TRANSACTION_MATCH,[object Object]
2014,Hyo-Jun Park,NOT_FOUND,
2014,Jhoandro Alfaro,CLUB_TRANSACTION_MATCH,[object Object]
2014,Jonathan Amundaray,NOT_FOUND,
2014,Juan DeLeon,CLUB_TRANSACTION_MATCH,[object Object]
2014,Juan Meza,CLUB_TRANSACTION_MATCH,[object Object]
2014,Julio Martinez,CLUB_TRANSACTION_MATCH,[object Object]
2014,Kenny Hernandez,CLUB_TRANSACTION_MATCH,[object Object]
2014,Miguel Angel Sierra,CLUB_TRANSACTION_MATCH,[object Object]
2014,Miguel Flames,CLUB_TRANSACTION_MATCH,[object Object]
2014,Nelson Gomez,CLUB_TRANSACTION_MATCH,[object Object]
2014,Pedro Gonzalez,CLUB_TRANSACTION_MATCH,[object Object]
2014,Ricardo Rodriguez,CLUB_TRANSACTION_MATCH,[object Object]
2014,Ricky Aracena,CLUB_TRANSACTION_MATCH,[object Object]
2014,Ronny Rafael,CLUB_TRANSACTION_MATCH,[object Object]
2014,Wilkerman Garcia,CLUB_TRANSACTION_MATCH,[object Object]
2014,Yeremy Rosario,NOT_FOUND,
