slug,name,mlbId,status,mlbFullName,birthDate,birthCity,birthStateProvince,birthCountry,bats,throws,heightIn,weightLb,currentPosition,mlbDebutDate
abel-lorenzo,Abel Lorenzo,806867,FOUND,Abel Lorenzo,2005-08-14,Bani,,Dominican Republic,L,R,71,160,OF,
accimias-morales,Accimias Morales,703193,FOUND,Accimias Morales,2004-09-13,Maracay,,Venezuela,R,R,77,190,RHP,
adrian-beltre,Adrian Beltre,134181,FOUND,Adrian Beltré,1979-04-07,Santo Domingo,,Dominican Republic,R,R,71,220,3B,1998-06-24
adrian-rondon,Adrian Rondon,660632,FOUND,Adrian Rondon,1998-07-07,San Pedro de Macoris,,Dominican Republic,R,R,73,190,SS,
adrian-torres,Adrian Torres,830397,FOUND,Adrian Torres,2008-01-23,San Miguelito,,Panama,L,L,75,180,LHP,
agustin-acosta,Agustin Acosta,802528,FOUND,Agustin Acosta,2004-09-07,Culiacan Rosales,SI,Mexico,L,R,74,173,OF,
aldo-espinoza,Aldo Espinoza,665852,FOUND,Aldo Espinoza,1998-09-11,Managua,,Nicaragua,R,R,72,148,2B,
aldrin-batista,Aldrin Batista,702881,FOUND,Aldrin Batista,2003-05-04,Azua,,Dominican Republic,R,R,74,185,RHP,
alex-de-jesus,Alex De Jesus,682942,FOUND,Alex De Jesus,2002-03-22,Santo Domingo,,Dominican Republic,R,R,73,170,3B,
alexander-albertus,Alexander Albertus,800316,FOUND,Alexander Albertus,2004-10-27,Oranjestad,,Aruba,R,R,73,176,SS,
alexis-dominguez,Alexis Dominguez,821826,FOUND,Alexis Dominguez,2005-11-03,Puerto Plata,,Dominican Republic,R,R,77,183,RHP,
alexis-reyes,Alexis Reyes,829490,FOUND,Alexis Reyes,2007-03-05,Barquisimeto,,Venezuela,R,R,75,190,RHP,
allen-ajoti,Allen Ajoti,821808,FOUND,Allen Ajoti,2005-11-08,Lugazi,,Uganda,R,R,73,205,RHP,
amado-nunez,Amado Nunez,658535,FOUND,Amado Nunez,1997-10-10,Santiago,,Dominican Republic,R,R,74,178,SS,
anderson-espinoza,Anderson Espinoza,659262,FOUND,Anderson Espinoza,1998-03-09,Caracas,,Venezuela,R,R,72,190,RHP,2022-05-30
anderson-estevez,Anderson Estevez,802740,FOUND,Anderson Estevez,2004-12-12,San Pedro de Macoris,,Dominican Republic,R,R,74,185,RHP,
anderson-jerez,Anderson Jerez,808214,FOUND,Anderson Jerez,2004-07-19,Santo Domingo,,Dominican Republic,R,R,70,185,RHP,
andres-luna,Andres Luna,831322,FOUND,Andres Luna,2007-10-12,San Jose de Ahome,SI,Mexico,R,R,72,160,RHP,
andy-pages,Andy Pages,681624,FOUND,Andy Pages,2000-12-08,Havana,,Cuba,R,R,73,212,OF,2024-04-16
aneudy-almonte,Aneudy Almonte,825160,FOUND,Aneudy Almonte,2007-08-31,Santiago,,Dominican Republic,L,L,73,160,LHP,
angel-cruz,Angel Cruz,807654,FOUND,Angel Cruz,2004-10-12,Santiago,,Dominican Republic,R,R,70,218,RHP,
angel-ramirez,Angel Ramirez,821633,FOUND,Angel Ramirez,2006-03-01,Tepic,NA,Mexico,R,R,70,165,RHP,
antoni-urena,Antoni Urena,829482,FOUND,Antoni Urena,2006-11-30,Santiago,,Dominican Republic,S,R,73,160,SS,
antonio-arias,Antonio Arias,660626,FOUND,Antonio Arias,1998-06-12,San Juan de los Morros,,Venezuela,R,R,74,180,OF,
antonio-osuna,Antonio Osuna,120107,FOUND,Antonio Osuna,1973-04-12,Guasave,Sinaloa,Mexico,R,R,70,225,RHP,1995-04-25
ariel-reynoso,Ariel Reynoso,837605,FOUND,Ariel Reynoso,2009-05-03,VIlla Altagracia,,Dominican Republic,S,R,71,174,SS,
arnaldo-lantigua,Arnaldo Lantigua,806984,FOUND,Arnaldo Lantigua,2005-12-19,Puerto Plata,,Dominican Republic,R,R,74,200,OF,
arod-mckenzie,Arod McKenzie,803242,FOUND,Arod McKenzie,2005-05-25,Panama City,,Panama,L,L,75,165,LHP,
arquimedes-gamboa,Arquimedes Gamboa,660614,FOUND,Arquímedes Gamboa,1997-09-23,Guiria,,Venezuela,S,R,71,190,SS,
axel-perez,Axel Perez,821612,FOUND,Axel Perez,2005-08-13,Santo Domingo,,Dominican Republic,R,R,76,158,RHP,
ben-serunkuma,Ben Serunkuma,805205,FOUND,Ben Serunkuma,2001-09-19,Kiwoko,,Uganda,R,R,70,170,RHP,
brayan-hernandez,Brayan Hernandez,659910,FOUND,Brayan Hernandez,1997-09-11,Rio Chico,,Venezuela,R,R,74,175,OF,
brian-diaz,Brian Diaz,699070,FOUND,Brian Diaz,2003-06-05,Ciudad Bolivar,,Venezuela,R,R,73,179,RHP,
bryan-lara,Bryan Lara,832440,FOUND,Bryan Lara,2008-05-15,Salamanca,GT,Mexico,R,R,74,200,RHP,
callum-wallace,Callum Wallace,800527,FOUND,Callum Wallace,2004-04-06,Brisbane,QLD,Australia,R,R,75,190,RHP,
carlos-avila,Carlos Avila,699066,FOUND,Carlos Avila,2003-12-04,Barquisimeto,,Venezuela,L,R,71,180,C,
carlos-frias,Carlos Frias,516910,FOUND,Carlos Frías,1989-11-13,Nagua,,Dominican Republic,R,R,76,195,RHP,2014-08-04
carlos-herrera,Carlos Herrera,650508,FOUND,Carlos Herrera,1996-09-23,Caracas,,Venezuela,L,R,72,145,SS,
carlos-hiciano,Carlos Hiciano,645289,FOUND,Carlos Hiciano,1996-10-29,San Francisco de Macoris,,Dominican Republic,R,R,74,175,2B,
carlos-ramirez,Carlos Ramirez,830439,FOUND,Carlos Ramirez,2008-07-18,Barinas,,Venezuela,R,R,74,215,RHP,
carlos-rincon,Carlos Rincon,665779,FOUND,Carlos Rincon,1997-10-14,Santo Domingo,,Dominican Republic,R,R,75,190,OF,
carlos-santana,Carlos Santana,467793,FOUND,Carlos Santana,1986-04-08,Santo Domingo,,Dominican Republic,S,R,70,210,1B,2010-06-11
carlos-sardina,Carlos Sardina,821658,FOUND,Carlos Sardina,2007-03-10,Puerto Ordaz,,Venezuela,R,R,77,195,RHP,
cesar-sanchez,Cesar Sanchez,829479,FOUND,Cesar Sanchez,2006-06-16,Hato Mayor,,Dominican Republic,R,R,75,190,RHP,
chan-ho-park,Chan Ho Park,120221,FOUND,Chan Ho Park,1973-06-30,Kong Ju City,,South Korea,R,R,74,210,RHP,1994-04-08
chico-fernandez,Chico Fernandez,114077,FOUND,Chico Fernandez,1932-03-02,Havana,,Cuba,R,R,72,170,SS,1956-07-14
chin-lung-hu,Chin-lung Hu,464341,FOUND,Chin-Lung Hu,1984-02-02,Tainan City,,Taiwan,R,R,71,190,SS,2007-09-01
christian-muniz,Christian Muniz,821650,FOUND,Christian Muniz,2006-08-16,Chihuahua,CH,Mexico,R,R,72,168,RHP,
christian-romero,Christian Romero,699071,FOUND,Christian Romero,2002-12-11,Hermosillo,Sonora,Mexico,R,R,75,195,RHP,
christian-suarez,Christian Suarez,682949,FOUND,Christian Suarez,2000-11-25,Maracay,,Venezuela,L,L,71,160,LHP,
christopher-acosta,Christopher Acosta,659261,FOUND,Christopher Acosta,1998-01-15,La Vega,,Dominican Republic,R,R,76,180,RHP,
christopher-arias,Christopher Arias,665931,FOUND,Christopher Arias,1999-05-01,Santo Domingo,,Dominican Republic,L,L,74,175,OF,
dailoui-abad,Dailoui Abad,699060,FOUND,Dailoui Abad,2002-05-02,San Cristobal,,Dominican Republic,R,R,72,168,RHP,
damaso-marte-jr,Damaso Marte Jr.,666006,FOUND,Damaso Marte Jr.,1998-08-14,Orlando,FL,United States,R,R,73,175,SS,
daniel-arrias,Daniel Arrias,800328,FOUND,Daniel Arrias,2003-11-30,Ciudad Ojeda,,Venezuela,L,L,70,170,OF,
daniel-mielcarek,Daniel Mielcarek,808028,FOUND,Daniel Mielcarek,2005-12-19,Samana,,Dominican Republic,S,R,75,185,SS,
david-romero,David Romero,821661,FOUND,David Romero,2007-01-06,Caracas,,Venezuela,S,R,65,135,2B,
degerson-diaz,Degerson Diaz,830481,FOUND,Degerson Diaz,2008-01-31,La Guaira,,Venezuela,R,R,70,150,OF,
derik-aquino,Derik Aquino,830468,FOUND,Derik Aquino,2007-04-18,Monte Plata,,Dominican Republic,R,R,77,180,RHP,
dermis-garcia,Dermis Garcia,660650,FOUND,Dérmis Garcia,1998-01-07,Santo Domingo,,Dominican Republic,R,R,73,200,3B,2022-07-12
devlyn-bautista,Devlyn Bautista,830426,FOUND,Devlyn Bautista,2006-12-04,Santo Domingo,,Dominican Republic,R,R,74,180,OF,
diego-cartaya,Diego Cartaya,682616,FOUND,Diego Cartaya,2001-09-07,Maracay,,Venezuela,R,R,73,217,C,
diego-castillo,Diego Castillo,660636,FOUND,Diego Castillo,1997-10-28,Barquisimeto,,Venezuela,R,R,71,185,SS,2022-04-07
domingo-geronimo,Domingo Geronimo,800383,FOUND,Domingo Geronimo,2004-10-07,Azua,,Dominican Republic,R,R,71,150,RHP,
eddys-leonard,Eddys Leonard,678760,FOUND,Eddys Leonard,2000-11-10,Santo Domingo,,Dominican Republic,R,R,70,201,SS,2026-08-04
edgar-aviles,Edgar Aviles,800530,FOUND,Edgar Aviles,2005-01-20,La Paz,BS,Mexico,R,R,74,150,RHP,
edgar-gomez,Edgar Gomez,807626,FOUND,Edgar Gomez,2005-04-07,,,Mexico,R,R,74,180,RHP,
edgar-leon,Edgar Leon,800453,FOUND,Edgar Leon,2004-12-29,La Guaira,,Venezuela,R,R,75,208,RHP,
eduardo-guerrero,Eduardo Guerrero,800370,FOUND,Eduardo Guerrero,2005-05-09,Maracaibo,,Venezuela,S,R,74,165,1B,
eduardo-quintero,Eduardo Quintero,808234,FOUND,Eduardo Quintero,2005-09-16,Ocumare del Tuy,,Venezuela,R,R,73,175,OF,
eduardo-rojas,Eduardo Rojas,821672,FOUND,Eduardo Rojas,2007-02-14,Ciudad Guayana,,Venezuela,S,R,71,163,C,
elian-herrera,Elian Herrera,467070,FOUND,Elian Herrera,1985-02-01,San Pedro de Macoris,,Dominican Republic,S,R,71,205,3B,2012-05-15
elias-medina,Elias Medina,808257,FOUND,Elias Medina,2005-11-09,Bani,,Dominican Republic,R,R,71,171,SS,
elio-campos,Elio Campos,699069,FOUND,Elio Campos,2004-01-02,Valencia,,Venezuela,R,R,69,157,2B,
eloy-jimenez,Eloy Jimenez,650391,FOUND,Eloy Jiménez,1996-11-27,Santo Domingo,,Dominican Republic,R,R,76,250,DH,2019-03-28
emil-morales,Emil Morales,815896,FOUND,Emil Morales,2006-09-22,Las Palmas de Gran Canaria,,Spain,R,R,75,191,SS,
emmanuel-dejesus,Emmanuel DeJesus,,NO_MLB_ID,,,,,,,,,,,
ender-avendano,Ender Avendano,682937,FOUND,Ender Avendano,2002-03-07,Maracay,,Venezuela,R,R,68,145,SS,
enrike-sevilya,Enrike Sevilya,800288,FOUND,Enrike Sevilya,2005-07-27,Moscow,,,R,R,75,195,RHP,
erick-batista,Erick Batista,808209,FOUND,Erick Batista,2004-03-03,San Francisco de Macoris,,Dominican Republic,R,R,72,186,RHP,
erick-julio,Erick Julio,650510,FOUND,Erick Julio,1996-09-22,Cartagena,,Colombia,R,R,73,175,RHP,
erick-nava,Erick Nava,812748,FOUND,Erick Nava,2005-01-09,Santa Barbara del Zulia,,Venezuela,R,R,72,190,RHP,
erling-moreno,Erling Moreno,650400,FOUND,Erling Moreno,1997-01-13,Cartagena,,Colombia,R,R,75,180,RHP,
erny-orellana,Erny Orellana,821786,FOUND,Erny Orellana,2007-03-03,Quibor,,Venezuela,R,R,72,183,OF,
euri-rosa,Euri Rosa,821817,FOUND,Euri Rosa,2007-07-04,Bajos De Haina,,Dominican Republic,R,R,70,165,C,
ezequiel-aparicio,Ezequiel Aparicio,830452,FOUND,Ezequiel Aparicio,2008-02-24,Cumana,,Venezuela,R,R,69,180,C,
ezequiel-melburne,Ezequiel Melburne,836606,FOUND,Ezequiel Melburne,2009-06-02,Santo Domingo,,Dominican Republic,S,R,75,170,SS,
fernando-valenzuela,Fernando Valenzuela,123619,FOUND,Fernando Valenzuela,1960-11-01,Navojoa,,Mexico,L,L,71,195,LHP,1980-09-15
francisco-espinoza,Francisco Espinoza,821689,FOUND,Francisco Espinoza,2007-03-16,Acarigua,,Venezuela,R,R,73,206,C,
franderly-morel,Franderly Morel,806918,FOUND,Franderly Morel,2003-09-12,Cotui,,Dominican Republic,L,L,74,160,LHP,
franklin-perez,Franklin Perez,658530,FOUND,Franklin Pérez,1997-12-06,Valencia,,Venezuela,R,R,75,197,RHP,
franly-mallen,Franly Mallen,650691,FOUND,Franly Mallen,1997-05-27,Sabana Grande de Palenque,,Dominican Republic,R,R,73,160,SS,
gersel-pitre,Gersel Pitre,649957,FOUND,Gersel Pitre,1996-07-23,Catia La Mar,,Venezuela,R,R,72,203,C,
gilbert-lara,Gilbert Lara,658677,FOUND,Gilbert Lara,1997-10-30,Bani,,Dominican Republic,R,R,76,198,SS,
gleyber-torres,Gleyber Torres,650402,FOUND,Gleyber Torres,1996-12-13,Caracas,,Venezuela,R,R,70,205,2B,2018-04-22
gregory-pereira,Gregory Pereira,682946,FOUND,Gregory Pereira,2002-05-19,Guiria,,Venezuela,R,R,71,165,OF,
greifer-andrade,Greifer Andrade,650849,FOUND,Greifer Andrade,1997-01-27,Paramo Tucani,,Venezuela,R,R,72,170,SS,
harold-gonzalez,Harold Gonzalez,808339,FOUND,Harold Gonzalez,2006-08-29,Lagunillas,,Venezuela,R,R,70,175,SS,
hendrik-clementina,Hendrik Clementina,649955,FOUND,Hendrik Clementina,1997-06-17,Willemstad,,Curacao,R,R,74,250,C,
hendry-arvelo,Hendry Arvelo,829498,FOUND,Hendry Arvelo,2006-12-03,Dajabon,,Dominican Republic,L,R,72,160,2B,
heudy-pena,Heudy Pena,821263,FOUND,Heudy Pena,2007-03-09,San Cristobal,,Dominican Republic,L,R,72,156,SS,
hideo-nomo,Hideo Nomo,119827,FOUND,Hideo Nomo,1968-08-31,Osaka,,Japan,R,R,74,220,RHP,1995-05-02
huascar-ynoa,Huascar Ynoa,660623,FOUND,Huascar Ynoa,1998-05-28,Puerto Plata,,Dominican Republic,R,R,74,220,RHP,2019-06-16
hung-chih-kuo,Hung-Chih Kuo,425539,FOUND,Hung-Chih Kuo,1981-07-23,Tainan City,,Taiwan,L,L,74,240,LHP,2005-09-02
hyo-jun-park,Hyo-Jun Park,660829,FOUND,Hoy Park,1996-04-07,Seoul,,South Korea,L,R,72,200,SS,2021-07-16
hyun-jin-ryu,Hyun-Jin Ryu,547943,FOUND,Hyun Jin Ryu,1987-03-25,Incheon,,South Korea,R,L,75,250,LHP,2013-04-02
ilmerson-colon,Ilmerson Colon,805623,FOUND,Ilmerson Colon,2005-03-10,Lara,,Venezuela,L,L,74,167,LHP,
isaac-barreto,Isaac Barreto,699064,FOUND,Isaac Barreto,2004-05-25,Maracaibo,,Venezuela,R,R,72,178,OF,
ismael-valdez,Ismael Valdez,123595,FOUND,Ismael Valdez,1973-08-21,Ciudad Victoria,Tamaulipas,Mexico,R,R,76,230,RHP,1994-06-15
ivan-pacheco,Ivan Pacheco,830612,FOUND,Ivan Pacheco,2006-10-21,Cuauhtemoc,CH,Mexico,R,R,71,150,RHP,
javier-bartolozzi,Javier Bartolozzi,812745,FOUND,Javier Bartolozzi,2005-04-14,Ciudad Bolivar,,Venezuela,R,R,76,193,RHP,
javier-herrera,Javier Herrera,808223,FOUND,Javier Herrera,2005-02-09,Punto Fijo,,Venezuela,S,R,70,160,2B,
javier-pena,Javier Pena,800351,FOUND,Javier Pena,2004-09-10,Santiago,,Dominican Republic,R,R,72,185,C,
jecsua-liborius,Jecsua Liborius,807403,FOUND,Jecsua Liborius,2005-05-28,Valencia,,Venezuela,R,R,73,190,RHP,
jeral-perez,Jeral Perez,800419,FOUND,Jeral Perez,2004-11-06,La Romana,,Dominican Republic,R,R,70,179,3B,
jerami-rodriguez,Jerami Rodriguez,682951,FOUND,Jeremi Rodriguez,2001-08-05,Barquisimeto,,Venezuela,R,R,73,165,RHP,
jeremy-castro,Jeremy Castro,812746,FOUND,Jeremy Castro,2005-01-27,Hamburg,,Germany,R,R,74,180,RHP,
jerming-rosario,Jerming Rosario,682645,FOUND,Jerming Rosario,2002-05-08,Peravia,,Dominican Republic,R,R,73,175,RHP,
jesus-galiz,Jesus Galiz,694188,FOUND,Jesus Galiz,2003-12-19,Maracaibo,,Venezuela,R,R,70,183,C,
jesus-tillero,Jesus Tillero,808313,FOUND,Jesus Tillero,2006-05-02,Coro,,Venezuela,R,R,72,190,RHP,
jhoandro-alfaro,Jhoandro Alfaro,658532,FOUND,Jhoandro Alfaro,1997-11-04,Sincelejo,,Colombia,S,R,73,180,C,
jholbran-herder,Jholbran Herder,800408,FOUND,Jholbran Herder,2004-11-02,Guatire,,Venezuela,R,R,74,170,RHP,
jhon-gil,Jhon Gil,830459,FOUND,Jhon Gil,2007-12-15,Maracaibo,,Venezuela,R,R,69,160,C,
jhonny-jimenez,Jhonny Jimenez,699075,FOUND,Jhonny Jimenez,2003-11-09,Bonao,,Dominican Republic,R,R,77,180,RHP,
jhosman-theran,Jhosman Theran,830420,FOUND,Jhosman Theran,2007-10-03,Cartagena,,Colombia,R,R,74,200,OF,
joendry-vargas,Joendry Vargas,806959,FOUND,Joendry Vargas,2005-11-08,Santo Domingo,,Dominican Republic,R,R,75,175,SS,
jonathan-amundaray,Jonathan Amundaray,,NO_MLB_ID,,,,,,,,,,,
jorbit-vivas,Jorbit Vivas,678391,FOUND,Jorbit Vivas,2001-03-09,Puerto Cabello,,Venezuela,L,R,69,171,3B,2025-05-02
jorge-carpintero,Jorge Carpintero,699058,FOUND,Jorge Carpintero,2004-04-21,Araya,,Venezuela,L,L,72,160,LHP,
jose-almonte,Jose Almonte,650954,FOUND,Jose Almonte,1996-09-09,Santo Domingo Centro,,Dominican Republic,R,R,75,205,OF,
jose-dominguez,Jose Dominguez,523848,FOUND,José Domínguez,1990-08-07,San Pedro de Maroris,,Dominican Republic,R,R,72,200,RHP,2013-06-30
jose-gonzalez,Jose Gonzalez,806919,FOUND,Jose Gonzalez,2005-01-29,Maracaibo,,Venezuela,L,R,74,180,OF,
jose-herrera,Jose Herrera,645444,FOUND,Jose Herrera,1997-02-24,San Carlos,,Venezuela,S,R,69,217,C,2022-04-09
jose-lopez,Jose Lopez,821653,FOUND,Jose Lopez,2005-11-13,Maracay,,Venezuela,R,R,72,185,RHP,
jose-offerman,Jose Offerman,119948,FOUND,Jose Offerman,1968-11-08,San Pedro de Macoris,,Dominican Republic,S,R,73,200,SS,1990-08-19
jose-requena,Jose Requena,837769,FOUND,Jose Requena,2008-12-05,Caracas,,Venezuela,R,R,75,228,OF,
jose-rivas,Jose Rivas,830449,FOUND,Jose Rivas,2008-03-27,Barcelona,,Venezuela,R,R,71,170,C,
jose-torrez,Jose Torrez,807404,FOUND,Jose Torrez,2004-10-05,Sebaco,,Nicaragua,R,R,73,195,C,
jose-victorino,Jose Victorino,837652,FOUND,Jose Victorino,2009-02-05,Santo Domingo,,Dominican Republic,R,R,73,189,SS,
jose-villegas,Jose Villegas,830413,FOUND,Jose Villegas,2006-11-08,Caracas,,Venezuela,R,R,79,260,RHP,
jose-vizcaino,Jose Vizcaino,123743,FOUND,Jose Vizcaino,1968-03-26,San Cristobal,,Dominican Republic,S,R,73,190,SS,1989-09-10
joseilyn-gonzalez,Joseilyn Gonzalez,805120,FOUND,Joseilyn Gonzalez,2002-04-08,Santiago,,Dominican Republic,R,R,71,160,RHP,
joseph-deng-thon,Joseph Deng Thon,830188,FOUND,Joseph Deng Thon,2007-08-05,Juba,,Sudan,R,R,78,185,RHP,
josue-de-paula,Josue De Paula,800543,FOUND,Josue De Paula,2005-05-24,Brooklyn,NY,United States,L,L,75,185,DH,2026-09-11
juan-alonso,Juan Alonso,699076,FOUND,Juan Alonso,2003-11-03,Chitre,,Panama,R,R,71,180,OF,
juan-castro,Juan Castro,112128,FOUND,Juan Castro,1972-06-20,Los Mochis,Sinaloa,Mexico,R,R,71,190,SS,1995-09-02
juan-deleon,Juan DeLeon,660665,FOUND,Juan De Leon,1997-09-13,Santo Domingo,,Dominican Republic,R,R,74,185,OF,
juan-guzman,Juan Guzman,115267,FOUND,Juan Guzmán,1966-10-28,Santo Domingo,,Dominican Republic,R,R,71,195,RHP,1991-06-07
juan-hernandez,Juan Hernandez,806638,FOUND,Juan Hernandez,2002-11-19,Cotui,,Dominican Republic,R,R,74,187,RHP,
juan-macero,Juan Macero,830471,FOUND,Juan Macero,2007-11-27,Caracas,,Venezuela,R,R,69,165,SS,
juan-meza,Juan Meza,660565,FOUND,Juan Meza,1998-02-04,Barinas,,Venezuela,R,R,74,172,RHP,
julian-leon,Julian Leon,624645,FOUND,Julian Leon,1996-01-24,Hermosillo,Sonora,Mexico,R,R,71,235,C,
julio-lugo-prospect,Julio Lugo (prospect),649956,FOUND,Julio Lugo,1997-07-07,Bani,,Dominican Republic,R,R,76,180,RHP,
julio-martinez,Julio Martinez,660699,FOUND,Julio Martinez,1997-12-15,Santo Domingo,,Dominican Republic,R,R,74,195,OF,
julio-urias,Julio Urias,628711,FOUND,Julio Urías,1996-08-12,Culiacan Rosales,Sinaloa,Mexico,L,L,72,225,LHP,2016-05-27
karim-garcia,Karim Garcia,114588,FOUND,Karim Garcia,1975-10-29,Ciudad Obregon,Sonora,Mexico,L,L,72,210,OF,1995-09-02
keibert-ruiz,Keibert Ruiz,660688,FOUND,Keibert Ruiz,1998-07-20,Valencia,,Venezuela,S,R,71,238,C,2020-08-16
kelvin-ramirez,Kelvin Ramirez,699062,FOUND,Kelvin Ramirez,2001-06-10,Cumana,,Venezuela,R,R,76,187,RHP,
kenley-jansen,Kenley Jansen,445276,FOUND,Kenley Jansen,1987-09-30,Willemstad,,Curacao,S,R,77,265,RHP,2010-07-24
kenny-hernandez,Kenny Hernandez,660660,FOUND,Kenny Hernandez,1998-08-13,Turmero,,Venezuela,L,R,72,194,SS,
kosuke-matsuda,Kosuke Matsuda,800494,FOUND,Kosuke Matsuda,1998-10-14,Hakusan,,Japan,R,R,76,214,RHP,
leider-padilla,Leider Padilla,821636,FOUND,Leider Padilla,2006-11-25,Caracas,,Venezuela,R,R,72,176,OF,
lenix-osuna,Lenix Osuna,624646,FOUND,Lenix Osuna,1995-11-11,Los Mochis,,Mexico,R,R,73,220,RHP,
lesther-medrano,Lesther Medrano,692327,FOUND,Lesther Medrano,2003-03-05,Managua,,Nicaragua,R,R,74,185,RHP,
lewin-diaz,Lewin Diaz,650331,FOUND,Lewin Díaz,1996-11-19,Santiago,,Dominican Republic,L,L,74,232,1B,2020-08-15
luciano-romero,Luciano Romero,800355,FOUND,Luciano Romero,2005-01-08,La Romana,,Dominican Republic,R,R,74,190,RHP,
luis-carias,Luis Carias,808218,FOUND,Luis Carias,2004-09-30,Caracas,,Venezuela,R,R,76,170,RHP,
luis-gamez,Luis Gamez,830800,FOUND,Luis Gamez,2006-08-30,Los Mochis,SI,Mexico,R,R,71,181,RHP,
luis-guerra,Luis Guerra,699065,FOUND,Luis Guerra,2003-10-04,Barcelona,,Venezuela,R,R,72,180,SS,
luis-izturis,Luis Izturis,682950,FOUND,Luis Izturis,2001-07-13,Barquisimeto,,Venezuela,R,R,70,155,SS,
luis-luna,Luis Luna,830463,FOUND,Luis Luna,2008-06-09,Monteria,,Colombia,R,R,72,170,SS,
luis-rodriguez-2015,Luis Rodriguez (2015),665960,FOUND,Luis Rodriguez,1999-03-02,Cumana,,Venezuela,S,R,72,150,SS,
luis-rodriguez-2019,Luis Rodriguez (2019),691177,FOUND,Luis Rodriguez,2002-09-16,Quibor,,Venezuela,R,R,74,175,OF,
luis-tovar,Luis Tovar,830434,FOUND,Luis Tovar,2007-10-06,Puerto La Cruz,,Venezuela,R,R,71,210,3B,
mairoshendrick-martinus,Mairoshendrick Martinus,800302,FOUND,Mairo Martinus,2005-02-03,Willemstad,,Curacao,R,R,73,161,3B,
marco-corcho,Marco Corcho,806866,FOUND,Marco Corcho,2005-05-02,Cartagena,,Colombia,R,R,74,200,RHP,
marcos-diplan,Marcos Diplan,650959,FOUND,Marcos Diplán,1996-09-18,Santiago,,Dominican Republic,R,R,72,200,RHP,2021-08-06
marten-gasparini,Marten Gasparini,645282,FOUND,Marten Gasparini,1997-05-24,Ruda,,Italy,L,R,72,165,SS,
maximo-martinez,Maximo Martinez,699059,FOUND,Maximo Martinez,2004-06-21,Caracas,,Venezuela,R,R,74,185,RHP,
michael-deleon,Michael DeLeon,650958,FOUND,Michael De León,1997-01-14,Santo Domingo,,Dominican Republic,S,R,73,160,3B,
michael-ramirez,Michael Ramirez,821679,FOUND,Michael Ramirez,2005-04-21,La Guaira,,Venezuela,L,L,72,160,LHP,
michael-vilchez,Michael Vilchez,699074,FOUND,Michael Vilchez,2004-06-03,Willemstad,,Curacao,R,R,75,180,RHP,
micker-zapata,Micker Zapata,,NO_MLB_ID,,,,,,,,,,,
miguel-angel-sierra,Miguel Angel Sierra,658531,FOUND,Miguelangel Sierra,1997-12-02,Guarico,,Venezuela,R,R,71,201,SS,
miguel-bastardo,Miguel Bastardo,699072,FOUND,Miguel Bastardo,2003-01-14,Cumana,,Venezuela,R,R,75,166,RHP,
miguel-dominguez,Miguel Dominguez,800399,FOUND,Miguel Dominguez,2004-02-20,La Chorrera,,Panama,R,R,72,195,C,
miguel-droz,Miguel Droz,682940,FOUND,Miguel Droz,2001-10-02,Piritu,,Venezuela,R,R,72,170,SS,
miguel-flames,Miguel Flames,660560,FOUND,Miguel Flames,1997-09-14,Maracay,,Venezuela,R,R,74,210,1B,
miguel-vargas,Miguel Vargas,678246,FOUND,Miguel Vargas,1999-11-17,Havana,,Cuba,R,R,74,225,3B,2022-08-03
misja-harcksen,Misja Harcksen,649958,FOUND,Misja Harcksen,1995-04-19,Rotterdam,,Netherlands,R,R,74,165,RHP,
missael-soto,Missael Soto,699057,FOUND,Missael Soto,2003-09-21,Peravia,,Dominican Republic,R,R,73,174,RHP,
moises-acacio,Moises Acacio,830432,FOUND,Moises Acacio,2008-01-24,Maracay,,Venezuela,R,R,71,155,SS,
moises-rangel,Moises Rangel,830404,FOUND,Moises Rangel,2008-05-23,Maracaibo,,Venezuela,R,R,70,190,C,
natanael-castillo,Natanael Castillo,800390,FOUND,Natanael Castillo,2004-11-06,San Isidro,,Dominican Republic,R,R,72,150,SS,
nelson-gomez,Nelson Gomez,660617,FOUND,Nelson Gomez,1997-10-08,Los Hidalgos,,Dominican Republic,R,R,73,220,3B,
nicolas-cruz,Nicolas Cruz,800395,FOUND,Nicolas Cruz,2004-04-23,Caracas,,Venezuela,R,R,71,160,RHP,
nicolas-pierre,Nicolas Pierre,650693,FOUND,Nic Pierre,1996-11-13,San Pedro de Macoris,,Dominican Republic,R,R,75,170,OF,
omar-daal,Omar Daal,112984,FOUND,Omar Daal,1972-03-01,Maracaibo,,Venezuela,L,L,75,200,LHP,1993-04-23
omar-estevez,Omar Estevez,666784,FOUND,Omar Estévez,1998-02-25,Matanzas,,Cuba,R,R,70,185,2B,
oneil-cruz,Oneil Cruz,665833,FOUND,Oneil Cruz,1998-10-04,Nizao,,Dominican Republic,L,R,79,248,OF,2021-10-02
oswaldo-osorio,Oswaldo Osorio,800424,FOUND,Oswaldo Osorio,2005-04-12,San Felipe,,Venezuela,L,R,73,171,1B,
paris-johnson,Paris Johnson,807379,FOUND,Paris Johnson,2005-03-09,Nassau,,Bahamas,R,R,74,205,OF,
pedro-astacio,Pedro Astacio,110359,FOUND,Pedro Astacio,1968-11-28,Hato Mayor,,Dominican Republic,R,R,74,210,RHP,1992-07-03
pedro-baez,Pedro Baez,520980,FOUND,Pedro Báez,1988-03-11,Bani,,Dominican Republic,R,R,72,232,RHP,2014-05-05
pedro-gonzalez,Pedro Gonzalez,660639,FOUND,Pedro Gonzalez,1997-10-27,Santo Domingo,,Dominican Republic,R,R,77,190,OF,
pedro-martinez,Pedro Martinez,118377,FOUND,Pedro Martínez,1971-10-25,Manoguayabo,,Dominican Republic,R,R,71,195,RHP,1992-09-24
pedro-santillan,Pedro Santillan,699063,FOUND,Pedro Santillan,2001-07-07,Chihuahua,CH,Mexico,R,R,76,200,RHP,
peter-bonilla,Peter Bonilla,800361,FOUND,Peter Bonilla,2004-12-16,Barcelona,,Spain,L,L,72,209,LHP,
rafael-devers,Rafael Devers,646240,FOUND,Rafael Devers,1996-10-24,Sanchez,,Dominican Republic,L,R,72,235,1B,2017-07-25
rafael-tua,Rafael Tua,682948,FOUND,Rafael Tua,2001-10-26,Barquisimeto,,Venezuela,R,R,70,145,RHP,
rafy-peguero,Rafy Peguero,821801,FOUND,Rafy Peguero,2006-09-26,Newark,NJ,United States,R,R,72,190,OF,
railin-familia,Railin Familia,812747,FOUND,Railin Familia,2004-09-15,Santo Domingo,,Dominican Republic,R,R,72,186,C,
ramon-martinez,Ramon Martinez,118378,FOUND,Ramon Martinez,1968-03-22,Santo Domingo,,Dominican Republic,R,R,76,170,RHP,1988-08-13
ramon-rosso,Ramon Rosso,665759,FOUND,Ramón Rosso,1996-06-09,Santo Domingo Centro,,Dominican Republic,R,R,76,240,RHP,2020-07-24
ramon-troncoso,Ramon Troncoso,470462,FOUND,Ramon Troncoso,1983-02-16,San Jose de Ocoa,,Dominican Republic,R,R,74,215,RHP,2008-04-01
raul-mondesi,Raul Mondesi,119247,FOUND,Raúl Mondesi,1971-03-12,San Cristobal,,Dominican Republic,R,R,71,225,OF,1993-07-19
rayne-doncon,Rayne Doncon,699061,FOUND,Rayne Doncon,2003-09-22,San Pedro de Macoris,,Dominican Republic,R,R,73,176,3B,
raynerd-ortega,Raynerd Ortega,800380,FOUND,Raynerd Ortega,2005-07-08,San Felix,,Venezuela,R,R,72,154,SS,
reyli-mariano,Reyli Mariano,821697,FOUND,Reyli Mariano,2006-11-07,Santo Domingo,,Dominican Republic,S,R,67,140,2B,
ricardo-montero,Ricardo Montero,805110,FOUND,Ricardo Montero,2004-02-17,San Cristobal,,Dominican Republic,R,R,78,237,RHP,
ricardo-rodriguez,Ricardo Rodriguez,660616,FOUND,Ricardo Rodriguez,1997-12-20,Porlamar,,Venezuela,R,R,71,185,C,
ricardo-roman,Ricardo Roman,830429,FOUND,Ricardo Roman,2006-08-17,Guanare,,Venezuela,R,R,70,175,RHP,
ricky-aracena,Ricky Aracena,660615,FOUND,Ricky Aracena,1997-10-02,San Francisco de Macoris,,Dominican Republic,S,R,68,160,SS,
roberto-clemente,Roberto Clemente,112391,FOUND,Roberto Clemente,1934-08-18,Carolina,,Puerto Rico,R,R,71,175,OF,1955-04-17
robinson-ventura,Robinson Ventura,808332,FOUND,Robinson Ventura,2006-06-28,Punto Fijo,,Venezuela,R,R,73,169,RHP,
rodmar-angela,Rodmar Angela,806791,FOUND,Rodmar Angela,2004-09-20,Willemstad,,Curacao,L,L,69,180,OF,
roger-cedeno,Roger Cedeno,112155,FOUND,Roger Cedeno,1974-08-16,Valencia,,Venezuela,S,R,73,245,OF,1995-06-20
roger-lasso,Roger Lasso,699068,FOUND,Roger Lasso,2004-02-27,Panama City,,Panama,R,R,72,180,OF,
roiger-mujica,Roiger Mujica,800487,FOUND,Roiger Mujica,2005-07-24,San Felipe,,Venezuela,R,R,74,234,RHP,
roki-sasaki,Roki Sasaki,808963,FOUND,Roki Sasaki,2001-11-03,Rikuzentakata,,Japan,R,R,74,187,RHP,2025-03-19
ronny-brito,Ronny Brito,665798,FOUND,Ronny Brito,1999-03-22,San Francisco de Macoris,,Dominican Republic,R,R,72,165,SS,
ronny-rafael,Ronny Rafael,658665,FOUND,Ronny Rafael,1997-10-14,Santo Domingo Este,,Dominican Republic,R,R,74,185,OF,
roque-gutierrez,Roque Gutierrez,692262,FOUND,Roque Gutierrez,2002-09-07,Guasave,SI,Mexico,R,R,69,177,RHP,
rubby-de-la-rosa,Rubby De La Rosa,523989,FOUND,Rubby De La Rosa,1989-03-04,Santo Domingo,,Dominican Republic,R,R,72,210,RHP,2011-05-24
rubel-arias,Rubel Arias,837601,FOUND,Rubel Arias,2008-12-08,Santo Domingo,,Dominican Republic,L,L,73,178,OF,
samuel-munoz,Samuel Munoz,703153,FOUND,Samuel Munoz,2004-09-22,Santo Domingo,,Dominican Republic,L,R,74,190,OF,
samuel-sanchez,Samuel Sanchez,808247,FOUND,Samuel Sanchez,2005-10-21,El Tocoyo,,Venezuela,R,R,71,150,RHP,
samuel-savinon,Samuel Savinon,829493,FOUND,Samuel Savinon,2006-11-28,Bonao,,Dominican Republic,R,R,78,230,RHP,
sandy-amoros,Sandy Amoros,110222,FOUND,Sandy Amoros,1930-01-30,Havana,,Cuba,L,L,67,170,OF,1952-08-22
sean-linan,Sean Linan,800344,FOUND,Sean Paul Liñan,2004-11-07,Cartagena,,Colombia,R,R,72,185,RHP,
sebastian-jimenez,Sebastian Jimenez,699067,FOUND,Sebastian Jimenez,2003-04-28,Puerto Ordaz,,Venezuela,L,L,75,182,LHP,
shai-romero,Shai Romero,829476,FOUND,Shai Romero,2007-08-22,Santo Domingo,,Dominican Republic,R,R,77,235,RHP,
shakir-albert,Shakir Albert,649954,FOUND,Shakir Albert,1996-12-24,Willemstad,,Curacao,R,R,72,185,OF,
starling-heredia,Starling Heredia,665752,FOUND,Starling Heredia,1999-02-06,Santo Domingo,,Dominican Republic,R,R,74,200,OF,
steven-castillo,Steven Castillo,800481,FOUND,Steven Castillo,2004-09-15,Rivas,,Nicaragua,R,R,74,195,RHP,
thayron-liranzo,Thayron Liranzo,699073,FOUND,Thayron Liranzo,2003-07-05,San Francisco de Macoris,,Dominican Republic,S,R,73,195,C,
tim-fischer,Tim Fischer,808444,FOUND,Tim Fischer,2004-09-08,Regensburg,,Germany,R,R,75,195,RHP,
tony-abreu,Tony Abreu,473234,FOUND,Tony Abreu,1984-11-13,Puerto Plata,,Dominican Republic,S,R,70,200,2B,2007-05-22
umar-male,Umar Male,805773,FOUND,Umar Male,2001-05-14,Kasana,,Uganda,R,R,70,175,C,
victor-gonzalez,Victor Gonzalez,624647,FOUND,Victor González,1995-11-16,Tuxpan,Nayarit,Mexico,L,L,72,180,LHP,2020-07-31
victor-rodrigues,Victor Rodrigues,800332,FOUND,Victor Rodrigues,2004-09-23,Maracay,,Venezuela,R,R,74,203,C,
wilkerman-garcia,Wilkerman Garcia,660564,FOUND,Wilkerman Garcia,1998-04-01,Maracay,,Venezuela,S,R,72,176,SS,
william-soto,William Soto,624648,FOUND,Willian Soto,1996-02-13,Punto Fijo,,Venezuela,R,R,76,185,RHP,
willy-aybar,Willy Aybar,430632,FOUND,Willy Aybar,1983-03-09,Bani,,Dominican Republic,S,R,71,205,3B,2005-08-31
wilman-diaz,Wilman Diaz,694180,FOUND,Wilman Diaz,2003-11-15,Maracay,,Venezuela,R,R,73,182,SS,
yadier-alvarez,Yadier Álvarez,665751,FOUND,Yadier Álvarez,1996-03-07,Matanzas,,Cuba,R,R,75,175,RHP,
yasiel-puig,Yasiel Puig,624577,FOUND,Yasiel Puig,1990-12-07,Cienfuegos,,Cuba,R,R,74,240,OF,2013-06-03
yeiner-fernandez,Yeiner Fernandez,691558,FOUND,Yeiner Fernandez,2002-09-19,Barquisimeto,,Venezuela,R,R,69,170,C,
yeltsin-gudino,Yeltsin Gudino,650988,FOUND,Yeltsin Gudino,1997-01-17,Maracay,,Venezuela,R,R,72,150,SS,
yeremy-rosario,Yeremy Rosario,,NO_MLB_ID,,,,,,,,,,,
yeyson-yrizarry,Yeyson Yrizarry,,NO_MLB_ID,,,,,,,,,,,
yhonaider-gudino,Yhonaider Gudino,800521,FOUND,Yhonaider Gudino,2004-09-20,Villa de Cura,,Venezuela,R,R,70,150,SS,
yojackson-laya,Yojackson Laya,821684,FOUND,Yojackson Laya,2006-11-12,La Guaira,,Venezuela,R,R,69,154,SS,
yordan-alvarez,Yordan Alvarez,670541,FOUND,Yordan Alvarez,1997-06-27,Las Tunas,,Cuba,L,R,76,237,DH,2019-06-09
yorfran-medina,Yorfran Medina,800337,FOUND,Yorfran Medina,2005-01-25,Maracaibo,,Venezuela,R,R,76,195,OF,
yoryi-simarra,Yoryi Simarra,800366,FOUND,Yoryi Simarra,2004-11-18,Cartagena,,Colombia,R,R,73,174,RHP,
yuliangel-de-la-cruz,Yuliangel De La Cruz,800447,FOUND,Yuliangel De La Cruz,2005-01-24,Santo Domingo,,Dominican Republic,R,R,75,158,RHP,
yusniel-diaz,Yusniel Diaz,666783,FOUND,Yusniel Díaz,1996-10-07,Havana,,Cuba,R,R,72,215,OF,2022-08-02
