slug,name,mlbId,status,fangraphsId,method
abel-lorenzo,Abel Lorenzo,806867,NOT_AVAILABLE,,
accimias-morales,Accimias Morales,703193,NOT_AVAILABLE,,
adrian-beltre,Adrian Beltre,134181,RESOLVED,639,MLB_XREF
adrian-rondon,Adrian Rondon,660632,RESOLVED,sa877519,MLB_XREF
adrian-torres,Adrian Torres,830397,NOT_AVAILABLE,,
agustin-acosta,Agustin Acosta,802528,NOT_AVAILABLE,,
aldo-espinoza,Aldo Espinoza,665852,RESOLVED,sa917334,MLB_XREF
aldrin-batista,Aldrin Batista,702881,NOT_AVAILABLE,,
alex-de-jesus,Alex De Jesus,682942,RESOLVED,sa3008842,MLB_XREF
alexander-albertus,Alexander Albertus,800316,NOT_AVAILABLE,,
alexis-dominguez,Alexis Dominguez,821826,NOT_AVAILABLE,,
alexis-reyes,Alexis Reyes,829490,NOT_AVAILABLE,,
allen-ajoti,Allen Ajoti,821808,NOT_AVAILABLE,,
amado-nunez,Amado Nunez,658535,RESOLVED,sa877349,MLB_XREF
anderson-espinoza,Anderson Espinoza,659262,RESOLVED,18593,MLB_XREF
anderson-estevez,Anderson Estevez,802740,NOT_AVAILABLE,,
anderson-jerez,Anderson Jerez,808214,NOT_AVAILABLE,,
andres-luna,Andres Luna,831322,NOT_AVAILABLE,,
andy-pages,Andy Pages,681624,RESOLVED,24816,MLB_XREF
aneudy-almonte,Aneudy Almonte,825160,NOT_AVAILABLE,,
angel-cruz,Angel Cruz,807654,NOT_AVAILABLE,,
angel-ramirez,Angel Ramirez,821633,NOT_AVAILABLE,,
antoni-urena,Antoni Urena,829482,NOT_AVAILABLE,,
antonio-arias,Antonio Arias,660626,RESOLVED,sa873482,MLB_XREF
antonio-osuna,Antonio Osuna,120107,RESOLVED,249,MLB_XREF
ariel-reynoso,Ariel Reynoso,837605,NOT_AVAILABLE,,
arnaldo-lantigua,Arnaldo Lantigua,806984,NOT_AVAILABLE,,
arod-mckenzie,Arod McKenzie,803242,NOT_AVAILABLE,,
arquimedes-gamboa,Arquimedes Gamboa,660614,RESOLVED,sa877497,MLB_XREF
axel-perez,Axel Perez,821612,NOT_AVAILABLE,,
ben-serunkuma,Ben Serunkuma,805205,NOT_AVAILABLE,,
brayan-hernandez,Brayan Hernandez,659910,RESOLVED,sa876536,MLB_XREF
brian-diaz,Brian Diaz,699070,RESOLVED,sa3016028,MLB_XREF
bryan-lara,Bryan Lara,832440,NOT_AVAILABLE,,
callum-wallace,Callum Wallace,800527,NOT_AVAILABLE,,
carlos-avila,Carlos Avila,699066,RESOLVED,sa3016161,MLB_XREF
carlos-frias,Carlos Frias,516910,RESOLVED,3547,MLB_XREF
carlos-herrera,Carlos Herrera,650508,RESOLVED,sa830140,MLB_XREF
carlos-hiciano,Carlos Hiciano,645289,RESOLVED,sa828218,MLB_XREF
carlos-ramirez,Carlos Ramirez,830439,NOT_AVAILABLE,,
carlos-rincon,Carlos Rincon,665779,RESOLVED,sa917319,MLB_XREF
carlos-santana,Carlos Santana,467793,RESOLVED,2396,MLB_XREF
carlos-sardina,Carlos Sardina,821658,NOT_AVAILABLE,,
cesar-sanchez,Cesar Sanchez,829479,NOT_AVAILABLE,,
chan-ho-park,Chan Ho Park,120221,RESOLVED,1267,MLB_XREF
chico-fernandez,Chico Fernandez,114077,RESOLVED,1003994,MLB_XREF
chin-lung-hu,Chin-lung Hu,464341,RESOLVED,5198,MLB_XREF
christian-muniz,Christian Muniz,821650,NOT_AVAILABLE,,
christian-romero,Christian Romero,699071,RESOLVED,sa3016260,MLB_XREF
christian-suarez,Christian Suarez,682949,RESOLVED,sa3009222,MLB_XREF
christopher-acosta,Christopher Acosta,659261,RESOLVED,sa872489,MLB_XREF
christopher-arias,Christopher Arias,665931,RESOLVED,sa3002839,MLB_XREF
dailoui-abad,Dailoui Abad,699060,RESOLVED,sa3016027,MLB_XREF
damaso-marte-jr,Damaso Marte Jr.,666006,NOT_AVAILABLE,,
daniel-arrias,Daniel Arrias,800328,NOT_AVAILABLE,,
daniel-mielcarek,Daniel Mielcarek,808028,NOT_AVAILABLE,,
david-romero,David Romero,821661,NOT_AVAILABLE,,
degerson-diaz,Degerson Diaz,830481,NOT_AVAILABLE,,
derik-aquino,Derik Aquino,830468,NOT_AVAILABLE,,
dermis-garcia,Dermis Garcia,660650,RESOLVED,20926,MLB_XREF
devlyn-bautista,Devlyn Bautista,830426,NOT_AVAILABLE,,
diego-cartaya,Diego Cartaya,682616,RESOLVED,sa3008742,MLB_XREF
diego-castillo,Diego Castillo,660636,RESOLVED,19906,MLB_XREF
domingo-geronimo,Domingo Geronimo,800383,NOT_AVAILABLE,,
eddys-leonard,Eddys Leonard,678760,RESOLVED,24151,MLB_XREF
edgar-aviles,Edgar Aviles,800530,NOT_AVAILABLE,,
edgar-gomez,Edgar Gomez,807626,NOT_AVAILABLE,,
edgar-leon,Edgar Leon,800453,NOT_AVAILABLE,,
eduardo-guerrero,Eduardo Guerrero,800370,NOT_AVAILABLE,,
eduardo-quintero,Eduardo Quintero,808234,NOT_AVAILABLE,,
eduardo-rojas,Eduardo Rojas,821672,NOT_AVAILABLE,,
elian-herrera,Elian Herrera,467070,RESOLVED,5432,MLB_XREF
elias-medina,Elias Medina,808257,NOT_AVAILABLE,,
elio-campos,Elio Campos,699069,RESOLVED,sa3016645,MLB_XREF
eloy-jimenez,Eloy Jimenez,650391,RESOLVED,17484,MLB_XREF
emil-morales,Emil Morales,815896,NOT_AVAILABLE,,
ender-avendano,Ender Avendano,682937,RESOLVED,sa3009293,MLB_XREF
enrike-sevilya,Enrike Sevilya,800288,NOT_AVAILABLE,,
erick-batista,Erick Batista,808209,NOT_AVAILABLE,,
erick-julio,Erick Julio,650510,RESOLVED,sa828333,MLB_XREF
erick-nava,Erick Nava,812748,NOT_AVAILABLE,,
erling-moreno,Erling Moreno,650400,RESOLVED,sa827076,MLB_XREF
erny-orellana,Erny Orellana,821786,NOT_AVAILABLE,,
euri-rosa,Euri Rosa,821817,NOT_AVAILABLE,,
ezequiel-aparicio,Ezequiel Aparicio,830452,NOT_AVAILABLE,,
ezequiel-melburne,Ezequiel Melburne,836606,NOT_AVAILABLE,,
fernando-valenzuela,Fernando Valenzuela,123619,RESOLVED,1013327,MLB_XREF
francisco-espinoza,Francisco Espinoza,821689,NOT_AVAILABLE,,
franderly-morel,Franderly Morel,806918,NOT_AVAILABLE,,
franklin-perez,Franklin Perez,658530,RESOLVED,sa873722,MLB_XREF
franly-mallen,Franly Mallen,650691,RESOLVED,sa827978,MLB_XREF
gersel-pitre,Gersel Pitre,649957,RESOLVED,sa828176,MLB_XREF
gilbert-lara,Gilbert Lara,658677,RESOLVED,sa877337,MLB_XREF
gleyber-torres,Gleyber Torres,650402,RESOLVED,16997,MLB_XREF
gregory-pereira,Gregory Pereira,682946,RESOLVED,sa3008844,MLB_XREF
greifer-andrade,Greifer Andrade,650849,RESOLVED,sa826675,MLB_XREF
harold-gonzalez,Harold Gonzalez,808339,NOT_AVAILABLE,,
hendrik-clementina,Hendrik Clementina,649955,RESOLVED,sa828422,MLB_XREF
hendry-arvelo,Hendry Arvelo,829498,NOT_AVAILABLE,,
heudy-pena,Heudy Pena,821263,NOT_AVAILABLE,,
hideo-nomo,Hideo Nomo,119827,RESOLVED,666,MLB_XREF
huascar-ynoa,Huascar Ynoa,660623,RESOLVED,20468,MLB_XREF
hung-chih-kuo,Hung-Chih Kuo,425539,RESOLVED,7016,MLB_XREF
hyo-jun-park,Hyo-Jun Park,660829,RESOLVED,18027,MLB_XREF
hyun-jin-ryu,Hyun-Jin Ryu,547943,RESOLVED,14444,MLB_XREF
ilmerson-colon,Ilmerson Colon,805623,NOT_AVAILABLE,,
isaac-barreto,Isaac Barreto,699064,NOT_AVAILABLE,,
ismael-valdez,Ismael Valdez,123595,RESOLVED,1283,MLB_XREF
ivan-pacheco,Ivan Pacheco,830612,NOT_AVAILABLE,,
javier-bartolozzi,Javier Bartolozzi,812745,NOT_AVAILABLE,,
javier-herrera,Javier Herrera,808223,NOT_AVAILABLE,,
javier-pena,Javier Pena,800351,NOT_AVAILABLE,,
jecsua-liborius,Jecsua Liborius,807403,NOT_AVAILABLE,,
jeral-perez,Jeral Perez,800419,NOT_AVAILABLE,,
jerami-rodriguez,Jerami Rodriguez,682951,RESOLVED,sa3009721,MLB_XREF
jeremy-castro,Jeremy Castro,812746,NOT_AVAILABLE,,
jerming-rosario,Jerming Rosario,682645,RESOLVED,sa3008678,MLB_XREF
jesus-galiz,Jesus Galiz,694188,RESOLVED,sa3015700,MLB_XREF
jesus-tillero,Jesus Tillero,808313,NOT_AVAILABLE,,
jhoandro-alfaro,Jhoandro Alfaro,658532,RESOLVED,sa877352,MLB_XREF
jholbran-herder,Jholbran Herder,800408,NOT_AVAILABLE,,
jhon-gil,Jhon Gil,830459,NOT_AVAILABLE,,
jhonny-jimenez,Jhonny Jimenez,699075,RESOLVED,sa3016506,MLB_XREF
jhosman-theran,Jhosman Theran,830420,NOT_AVAILABLE,,
joendry-vargas,Joendry Vargas,806959,NOT_AVAILABLE,,
jorbit-vivas,Jorbit Vivas,678391,RESOLVED,23917,MLB_XREF
jorge-carpintero,Jorge Carpintero,699058,NOT_AVAILABLE,,
jose-almonte,Jose Almonte,650954,RESOLVED,sa828294,MLB_XREF
jose-dominguez,Jose Dominguez,523848,RESOLVED,11571,MLB_XREF
jose-gonzalez,Jose Gonzalez,806919,NOT_AVAILABLE,,
jose-herrera,Jose Herrera,645444,RESOLVED,17040,MLB_XREF
jose-lopez,Jose Lopez,821653,NOT_AVAILABLE,,
jose-offerman,Jose Offerman,119948,RESOLVED,205,MLB_XREF
jose-requena,Jose Requena,837769,NOT_AVAILABLE,,
jose-rivas,Jose Rivas,830449,NOT_AVAILABLE,,
jose-torrez,Jose Torrez,807404,NOT_AVAILABLE,,
jose-victorino,Jose Victorino,837652,NOT_AVAILABLE,,
jose-villegas,Jose Villegas,830413,NOT_AVAILABLE,,
jose-vizcaino,Jose Vizcaino,123743,RESOLVED,577,MLB_XREF
joseilyn-gonzalez,Joseilyn Gonzalez,805120,NOT_AVAILABLE,,
joseph-deng-thon,Joseph Deng Thon,830188,NOT_AVAILABLE,,
josue-de-paula,Josue De Paula,800543,RESOLVED,30871,MLB_XREF
juan-alonso,Juan Alonso,699076,RESOLVED,sa3016331,MLB_XREF
juan-castro,Juan Castro,112128,RESOLVED,315,MLB_XREF
juan-deleon,Juan DeLeon,660665,RESOLVED,sa872565,MLB_XREF
juan-guzman,Juan Guzman,115267,RESOLVED,1005162,MLB_XREF
juan-hernandez,Juan Hernandez,806638,NOT_AVAILABLE,,
juan-macero,Juan Macero,830471,NOT_AVAILABLE,,
juan-meza,Juan Meza,660565,RESOLVED,sa877930,MLB_XREF
julian-leon,Julian Leon,624645,RESOLVED,sa739577,MLB_XREF
julio-lugo-prospect,Julio Lugo (prospect),649956,RESOLVED,sa828896,MLB_XREF
julio-martinez,Julio Martinez,660699,RESOLVED,sa872583,MLB_XREF
julio-urias,Julio Urias,628711,RESOLVED,14765,MLB_XREF
karim-garcia,Karim Garcia,114588,RESOLVED,1537,MLB_XREF
keibert-ruiz,Keibert Ruiz,660688,RESOLVED,19610,MLB_XREF
kelvin-ramirez,Kelvin Ramirez,699062,RESOLVED,sa3015492,MLB_XREF
kenley-jansen,Kenley Jansen,445276,RESOLVED,3096,MLB_XREF
kenny-hernandez,Kenny Hernandez,660660,RESOLVED,sa872522,MLB_XREF
kosuke-matsuda,Kosuke Matsuda,800494,NOT_AVAILABLE,,
leider-padilla,Leider Padilla,821636,NOT_AVAILABLE,,
lenix-osuna,Lenix Osuna,624646,RESOLVED,sa739579,MLB_XREF
lesther-medrano,Lesther Medrano,692327,RESOLVED,sa3016470,MLB_XREF
lewin-diaz,Lewin Diaz,650331,RESOLVED,18365,MLB_XREF
luciano-romero,Luciano Romero,800355,NOT_AVAILABLE,,
luis-carias,Luis Carias,808218,NOT_AVAILABLE,,
luis-gamez,Luis Gamez,830800,NOT_AVAILABLE,,
luis-guerra,Luis Guerra,699065,RESOLVED,sa3015788,MLB_XREF
luis-izturis,Luis Izturis,682950,RESOLVED,sa3009295,MLB_XREF
luis-luna,Luis Luna,830463,NOT_AVAILABLE,,
luis-rodriguez-2015,Luis Rodriguez (2015),665960,RESOLVED,sa917322,MLB_XREF
luis-rodriguez-2019,Luis Rodriguez (2019),691177,RESOLVED,sa3014689,MLB_XREF
luis-tovar,Luis Tovar,830434,NOT_AVAILABLE,,
mairoshendrick-martinus,Mairoshendrick Martinus,800302,NOT_AVAILABLE,,
marco-corcho,Marco Corcho,806866,NOT_AVAILABLE,,
marcos-diplan,Marcos Diplan,650959,RESOLVED,17583,MLB_XREF
marten-gasparini,Marten Gasparini,645282,RESOLVED,sa830181,MLB_XREF
maximo-martinez,Maximo Martinez,699059,RESOLVED,sa3016026,MLB_XREF
michael-deleon,Michael DeLeon,650958,RESOLVED,sa823925,MLB_XREF
michael-ramirez,Michael Ramirez,821679,NOT_AVAILABLE,,
michael-vilchez,Michael Vilchez,699074,RESOLVED,sa3016605,MLB_XREF
miguel-angel-sierra,Miguel Angel Sierra,658531,RESOLVED,sa872750,MLB_XREF
miguel-bastardo,Miguel Bastardo,699072,RESOLVED,sa3017597,MLB_XREF
miguel-dominguez,Miguel Dominguez,800399,NOT_AVAILABLE,,
miguel-droz,Miguel Droz,682940,RESOLVED,sa3011704,MLB_XREF
miguel-flames,Miguel Flames,660560,RESOLVED,sa872566,MLB_XREF
miguel-vargas,Miguel Vargas,678246,RESOLVED,20178,MLB_XREF
misja-harcksen,Misja Harcksen,649958,RESOLVED,sa834014,MLB_XREF
missael-soto,Missael Soto,699057,RESOLVED,sa3016505,MLB_XREF
moises-acacio,Moises Acacio,830432,NOT_AVAILABLE,,
moises-rangel,Moises Rangel,830404,NOT_AVAILABLE,,
natanael-castillo,Natanael Castillo,800390,NOT_AVAILABLE,,
nelson-gomez,Nelson Gomez,660617,RESOLVED,sa873303,MLB_XREF
nicolas-cruz,Nicolas Cruz,800395,NOT_AVAILABLE,,
nicolas-pierre,Nicolas Pierre,650693,RESOLVED,sa827977,MLB_XREF
omar-daal,Omar Daal,112984,RESOLVED,646,MLB_XREF
omar-estevez,Omar Estevez,666784,RESOLVED,sa914242,MLB_XREF
oneil-cruz,Oneil Cruz,665833,RESOLVED,21711,MLB_XREF
oswaldo-osorio,Oswaldo Osorio,800424,NOT_AVAILABLE,,
paris-johnson,Paris Johnson,807379,NOT_AVAILABLE,,
pedro-astacio,Pedro Astacio,110359,RESOLVED,862,MLB_XREF
pedro-baez,Pedro Baez,520980,RESOLVED,5420,MLB_XREF
pedro-gonzalez,Pedro Gonzalez,660639,RESOLVED,sa872568,MLB_XREF
pedro-martinez,Pedro Martinez,118377,RESOLVED,200,MLB_XREF
pedro-santillan,Pedro Santillan,699063,RESOLVED,sa3015493,MLB_XREF
peter-bonilla,Peter Bonilla,800361,NOT_AVAILABLE,,
rafael-devers,Rafael Devers,646240,RESOLVED,17350,MLB_XREF
rafael-tua,Rafael Tua,682948,RESOLVED,sa3008692,MLB_XREF
rafy-peguero,Rafy Peguero,821801,NOT_AVAILABLE,,
railin-familia,Railin Familia,812747,NOT_AVAILABLE,,
ramon-martinez,Ramon Martinez,118378,RESOLVED,1008193,MLB_XREF
ramon-rosso,Ramon Rosso,665759,RESOLVED,20368,MLB_XREF
ramon-troncoso,Ramon Troncoso,470462,RESOLVED,4685,MLB_XREF
raul-mondesi,Raul Mondesi,119247,RESOLVED,1314,MLB_XREF
rayne-doncon,Rayne Doncon,699061,RESOLVED,sa3016720,MLB_XREF
raynerd-ortega,Raynerd Ortega,800380,NOT_AVAILABLE,,
reyli-mariano,Reyli Mariano,821697,NOT_AVAILABLE,,
ricardo-montero,Ricardo Montero,805110,NOT_AVAILABLE,,
ricardo-rodriguez,Ricardo Rodriguez,660616,RESOLVED,sa877334,MLB_XREF
ricardo-roman,Ricardo Roman,830429,NOT_AVAILABLE,,
ricky-aracena,Ricky Aracena,660615,RESOLVED,sa877365,MLB_XREF
roberto-clemente,Roberto Clemente,112391,RESOLVED,1002340,MLB_XREF
robinson-ventura,Robinson Ventura,808332,NOT_AVAILABLE,,
rodmar-angela,Rodmar Angela,806791,NOT_AVAILABLE,,
roger-cedeno,Roger Cedeno,112155,RESOLVED,869,MLB_XREF
roger-lasso,Roger Lasso,699068,RESOLVED,sa3015789,MLB_XREF
roiger-mujica,Roiger Mujica,800487,NOT_AVAILABLE,,
roki-sasaki,Roki Sasaki,808963,RESOLVED,35323,MLB_XREF
ronny-brito,Ronny Brito,665798,RESOLVED,sa917329,MLB_XREF
ronny-rafael,Ronny Rafael,658665,RESOLVED,sa872754,MLB_XREF
roque-gutierrez,Roque Gutierrez,692262,RESOLVED,sa3015440,MLB_XREF
rubby-de-la-rosa,Rubby De La Rosa,523989,RESOLVED,3862,MLB_XREF
rubel-arias,Rubel Arias,837601,NOT_AVAILABLE,,
samuel-munoz,Samuel Munoz,703153,NOT_AVAILABLE,,
samuel-sanchez,Samuel Sanchez,808247,NOT_AVAILABLE,,
samuel-savinon,Samuel Savinon,829493,NOT_AVAILABLE,,
sandy-amoros,Sandy Amoros,110222,RESOLVED,1000212,MLB_XREF
sean-linan,Sean Linan,800344,NOT_AVAILABLE,,
sebastian-jimenez,Sebastian Jimenez,699067,NOT_AVAILABLE,,
shai-romero,Shai Romero,829476,NOT_AVAILABLE,,
shakir-albert,Shakir Albert,649954,RESOLVED,sa828423,MLB_XREF
starling-heredia,Starling Heredia,665752,RESOLVED,sa917328,MLB_XREF
steven-castillo,Steven Castillo,800481,NOT_AVAILABLE,,
thayron-liranzo,Thayron Liranzo,699073,RESOLVED,sa3015790,MLB_XREF
tim-fischer,Tim Fischer,808444,NOT_AVAILABLE,,
tony-abreu,Tony Abreu,473234,RESOLVED,5053,MLB_XREF
umar-male,Umar Male,805773,NOT_AVAILABLE,,
victor-gonzalez,Victor Gonzalez,624647,RESOLVED,16408,MLB_XREF
victor-rodrigues,Victor Rodrigues,800332,NOT_AVAILABLE,,
wilkerman-garcia,Wilkerman Garcia,660564,RESOLVED,sa872548,MLB_XREF
william-soto,William Soto,624648,RESOLVED,sa739645,MLB_XREF
willy-aybar,Willy Aybar,430632,RESOLVED,2192,MLB_XREF
wilman-diaz,Wilman Diaz,694180,RESOLVED,sa3015694,MLB_XREF
yadier-alvarez,Yadier Álvarez,665751,RESOLVED,sa868984,MLB_XREF
yasiel-puig,Yasiel Puig,624577,RESOLVED,14225,MLB_XREF
yeiner-fernandez,Yeiner Fernandez,691558,RESOLVED,sa3015182,MLB_XREF
yeltsin-gudino,Yeltsin Gudino,650988,RESOLVED,sa830208,MLB_XREF
yhonaider-gudino,Yhonaider Gudino,800521,NOT_AVAILABLE,,
yojackson-laya,Yojackson Laya,821684,NOT_AVAILABLE,,
yordan-alvarez,Yordan Alvarez,670541,RESOLVED,19556,MLB_XREF
yorfran-medina,Yorfran Medina,800337,NOT_AVAILABLE,,
yoryi-simarra,Yoryi Simarra,800366,NOT_AVAILABLE,,
yuliangel-de-la-cruz,Yuliangel De La Cruz,800447,NOT_AVAILABLE,,
yusniel-diaz,Yusniel Diaz,666783,RESOLVED,18905,MLB_XREF
