signingYear,name,mlbId,recommendation,mlbDebutDate,mlbDebutTeam,highestLevel,highestLevelSeason,lastAffiliatedSeason,lastAffiliatedTeam,disposition,reason
2015,Aldo Espinoza,665852,NO_MLB_CAREER_ENDED,,,ROK,2016,2019,AZL Dodgers Lasorda,RELEASED,Final transaction REL on 2020-07-01; last affiliated season 2019 (ROK); no MLB debut through 2026-10-05.
2015,Carlos Rincon,665779,NO_MLB_CAREER_ENDED,,,AAA,2022,2022,Syracuse Mets,UNKNOWN,No affiliated appearance since 2022; no MLB debut through 2026-10-05.
2015,Christopher Arias,665931,NO_MLB_CAREER_ENDED,,,ROK,2017,2017,DSL Dodgers 2,RELEASED,Final transaction REL on 2018-01-05; last affiliated season 2017 (ROK); no MLB debut through 2026-10-05.
2015,Damaso Marte Jr.,666006,NO_MLB_CAREER_ENDED,,,,,,,RELEASED,Final transaction REL on 2017-02-15; no affiliated games recorded; no MLB debut through 2026-10-05.
2015,Luis Rodriguez,665960,NO_MLB_CAREER_ENDED,,,ROK,2016,2019,AZL Dodgers Lasorda,RELEASED,Final transaction REL on 2019-11-17; last affiliated season 2019 (ROK); no MLB debut through 2026-10-05.
2015,Omar Estevez,666784,NO_MLB_CAREER_ENDED,,,AAA,2021,2022,Oklahoma City Dodgers,UNKNOWN,No affiliated appearance since 2022; no MLB debut through 2026-10-05.
2015,Ronny Brito,665798,NO_MLB_CAREER_ENDED,,,A+,2019,2021,Vancouver Canadians,RELEASED,Final transaction REL on 2021-08-03; last affiliated season 2021 (A+); no MLB debut through 2026-10-05.
2015,Starling Heredia,665752,NO_MLB_CAREER_ENDED,,,A+,2019,2019,Rancho Cucamonga Quakes,RELEASED,Final transaction REL on 2020-07-01; last affiliated season 2019 (A+); no MLB debut through 2026-10-05.
2015,Yadier Álvarez,665751,NO_MLB_CAREER_ENDED,,,AAA,2022,2022,Oklahoma City Dodgers,UNKNOWN,No affiliated appearance since 2022; no MLB debut through 2026-10-05.
2018,Alex De Jesus,682942,INSUFFICIENT_EVIDENCE,,,AA,2024,2025,New Hampshire Fisher Cats,UNKNOWN,"Last affiliated season 2025, no exit transaction; status unclear."
2018,Diego Cartaya,682616,NO_MLB_CAREER_ENDED,,,AAA,2024,2026,Eugene Emeralds,RELEASED,Final transaction REL on 2026-04-25; last affiliated season 2026 (A+); no MLB debut through 2026-10-05.
2018,Jerming Rosario,682645,NO_MLB_ACTIVE_IN_MINORS,,,AAA,2024,2026,Oklahoma City Comets,ACTIVE,Played affiliated AAA in 2026; no MLB debut through 2026-10-05.
2019,Luis Rodriguez,691177,NO_MLB_CAREER_ENDED,,,A+,2024,2024,Great Lakes Loons,UNKNOWN,No affiliated appearance since 2024; no MLB debut through 2026-10-05.
